Archer Yoakley,2026-03-14,2026-03-25
Solly Colliss,2025-11-19,2025-11-29
Fabien Dumingos,2025-11-04,2025-11-18
Giusto Killoran,2026-04-01,2026-04-21
Bar Fronzek,2025-06-13,2025-06-22
Troy Rollo,2026-01-11,2026-01-21
Sena Botcherby,2025-07-08,2025-07-23
Mitchel Arrol,2025-07-15,2025-08-07
Rene Reinert,2026-01-02,2026-01-10
Alaster Bartolic,2025-10-29,2025-11-20
Robb Farfolomeev,2025-09-27,2025-10-08
Duke Cotilard,2025-07-17,2025-07-30
Gerard Hosburn,2026-03-19,2026-04-11
Casar Guinnane,2026-03-21,2026-04-10
Audre Morehall,2025-08-19,2025-08-21
Donnie Waterstone,2025-07-11,2025-07-24
Franzen Calken,2026-04-17,2026-04-27
Tedie Wilstead,2025-12-05,2025-12-28
Arny Vallender,2025-12-22,2026-01-19
Jennee Clorley,2025-10-08,2025-10-23
